,annualized_return,annualized_volatility,sharpe_ratio
000012,0.04331102403038156,0.00973822950629227,2.640215453308901
000852,-0.001164151368507782,0.29451353801399743,-0.06371235595837355
000905,0.007325408276031231,0.2520650724220634,-0.040761663745164836
399300,0.010812170424923773,0.20929797868019276,-0.032431414855888456
H11001,0.05001848449940294,0.02140552092413991,1.5144917338985775
Current Portfolio,0.03109029006878017,0.14427110751712008,0.0935065260185885
